[{"model": "wiki_app.user", "pk": 1, "fields": {"first_name": "Jason", "last_name": "Bongiovanni", "about": "", "email": "jpbon@gmail.com", "password": "$2b$12$Lv2m/kM/1Y9PbJ3gbWl5heIS9LTEDoOQNZWdMeIg841irJ2FZxIoe"}}, {"model": "wiki_app.user", "pk": 2, "fields": {"first_name": "Dyanne", "last_name": "Bongiovanni", "about": "", "email": "dbon@gmail.com", "password": "$2b$12$PzDkzrirOloeDmwdZe8DGu/AkyO32o2eYVVd.7TNMVmIKVT5T4/Vq"}}, {"model": "wiki_app.user", "pk": 3, "fields": {"first_name": "Rocco", "last_name": "Bongiovanni", "about": "", "email": "Rbon@gmail.com", "password": "$2b$12$L5wTD4vr.O.TQrlIzw2evOTQmPA6hb3CBGv4mRQboDa.zyV2eOrla"}}, {"model": "wiki_app.user", "pk": 4, "fields": {"first_name": "Tim", "last_name": "Bongiovanni", "about": "", "email": "Tbon@gmail.com", "password": "$2b$12$zzMuH2rnEM1QyXvNRO2XfO2JKwFklfMCT0vEKyaf2sLrkeEjsY3qC"}}, {"model": "wiki_app.user", "pk": 5, "fields": {"first_name": "Katie", "last_name": "Bongiovanni", "about": "", "email": "kbon@gmail.com", "password": "$2b$12$4SYlzGJjxuBapo.ezweC5OleamrEjhjbI.T2sysJVkbNi0vzrksc2"}}, {"model": "wiki_app.user", "pk": 6, "fields": {"first_name": "Jason", "last_name": "Bongiovanni", "about": "", "email": "jbon@gmail.com", "password": "$2b$12$.UnD26IjqZKImYtvv8Vnz.Uj/Mv7JtJvJEdXxu/o3gua/ISixKtnO"}}, {"model": "wiki_app.user", "pk": 7, "fields": {"first_name": "Dyanne", "last_name": "Bongiovanni", "about": "", "email": "DBon@gmail.com", "password": "$2b$12$dRFqJFiXpI8Z6LOxUqKG9ONvMbonkJ.33ojLBj9F74VKVTeDjL5Yq"}}, {"model": "wiki_app.user", "pk": 8, "fields": {"first_name": "Rocco", "last_name": "Bongiovanni", "about": "", "email": "RBon@gmail.com", "password": "$2b$12$W.5j.LAj5GoG.cZMbPt1POMJQtTM3lRiSrAAvGvVy39CNszdpqCEG"}}, {"model": "wiki_app.deity", "pk": 1, "fields": {"name": "Menat", "contributor": 1, "alt_name": "none", "culture": "Arabic", "location": "Arabian Peninsula", "religion": "Arabian Traditional Religion", "description": "This goddess of destiny was veerated in northern Arabia. followers prayed to her for rain and for victory over enemies. She is associated with Allat and Al-Uza.", "pop_culture": "none", "source": "Dictonary of Ancient Deities, by Patricia Turner & Charles Russell Coulter", "created_at": "2021-01-24T05:24:08.939Z", "updated_at": "2021-02-03T10:51:36.298Z"}}, {"model": "wiki_app.deity", "pk": 2, "fields": {"name": "Mars", "contributor": 1, "alt_name": "Ares, Heru-khuti, Mamers, Mavors", "culture": "Roman", "location": "Rome", "religion": "Religio Romana", "description": "God of war. God of agriculture. God of prophecy. Patron of husbandmen. Patron god of the city of Florence. Mars is one of a triad of high gods with Jupiter and Quirinus.", "pop_culture": "none", "source": "Dictionary of Ancient Deities, by Patricia Turner & Charles Russel Coulter", "created_at": "2021-01-24T05:29:22.871Z", "updated_at": "2021-02-02T13:00:12.426Z"}}, {"model": "wiki_app.deity", "pk": 3, "fields": {"name": "Aun", "contributor": 2, "alt_name": "An, On", "culture": "Semetic, Syrian", "location": "Syria", "religion": "Syrian", "description": "Ancient Semite fish god. The name may be associated with the fish god Dagon. The Syrians believed that Aun is the husband of Derketo.", "pop_culture": "none", "source": "Dictionary of Ancient Deities, by Patricia Turner & Charles Russel Coulter", "created_at": "2021-01-24T12:07:36.455Z", "updated_at": "2021-01-24T12:07:36.455Z"}}, {"model": "wiki_app.deity", "pk": 4, "fields": {"name": "Sagara", "contributor": 1, "alt_name": "", "culture": "Indian", "location": "India", "religion": "Hinduism", "description": "The grandson of Bahu, and son of Sachi, the king of Ayodhya, Sagara spent seven years in his mother's womb before birth. His father, driven from his throne by the Haihayas.", "pop_culture": "", "source": "Dictionary of Ancient Deities, by Patricia Turner & Charles Russel Coulter", "created_at": "2021-01-24T12:13:11.549Z", "updated_at": "2021-01-24T12:13:11.549Z"}}, {"model": "wiki_app.deity", "pk": 5, "fields": {"name": "Balor", "contributor": 6, "alt_name": "Bal'or", "culture": "Irish", "location": "Irland", "religion": "Celtic", "description": "\"Evil Eye.\" King of the Fomorians. The god Balor is the monster son of Buarainech and the grandson of Net.\"ljhlkjhklho;j;hjiuh", "pop_culture": "In the movie Hellboy: The Golden Army, the elven king is named Balor.", "source": "Dictionary of Ancient Deities by Patricia turner & Charles Russel Coulter", "created_at": "2021-02-01T12:56:24.861Z", "updated_at": "2021-02-06T11:03:47.751Z"}}, {"model": "wiki_app.deity", "pk": 6, "fields": {"name": "Balor", "contributor": 6, "alt_name": "Bal'or", "culture": "Irish", "location": "Irland", "religion": "Celtic", "description": "\"Evil Eye.\" King of the Fomorians. The god Balor is the monster son of Buarainech and the grandson of Net.\"", "pop_culture": "In the movie Hellboy: The Golden Army, the elven king is named Balor.", "source": "Dictionary of Ancient Deities by Patricia turner & Charles Russel Coulter", "created_at": "2021-02-01T12:56:42.698Z", "updated_at": "2021-02-01T12:56:42.698Z"}}, {"model": "wiki_app.deity", "pk": 7, "fields": {"name": "akldghaive", "contributor": 6, "alt_name": "Devi, Durga-Kali, Tou Mu (China)", "culture": "Indian", "location": "India", "religion": "Buddhist, Hindu", "description": "destory haofaoeajvoanvoarhvaowhvasnv", "pop_culture": "onasdovansviabwrivawhvianponaw[o", "source": "lashaiuvnasnvaoshv", "created_at": "2021-02-02T11:03:26.101Z", "updated_at": "2021-02-02T11:03:26.101Z"}}, {"model": "wiki_app.deity", "pk": 8, "fields": {"name": "Iatiku and Nausiti", "contributor": 6, "alt_name": "Iatik", "culture": "Koshairis people", "location": "North America", "religion": "Akoma", "description": "Creators in some stories. Or created by Latik in others.", "pop_culture": "none", "source": "Dictonary of Ancient Deities by Patricia & Charles Russell Coulter", "created_at": "2021-02-03T10:59:08.906Z", "updated_at": "2021-02-03T10:59:08.907Z"}}, {"model": "wiki_app.deity", "pk": 9, "fields": {"name": "Aesus", "contributor": 6, "alt_name": "\u00c6sus, Aesar", "culture": "Roman", "location": "Rome", "religion": "Religio Romana", "description": "Aesus is possibly a fire god or a supreme deity, or possibly a Druid supreme being. Aesus is also the Roman name for \"deity\". Not much else is known", "pop_culture": "was on a tv show once in 2010", "source": "Dictionary of Ancient Deities by Patricia & Charles Russell Coulter", "created_at": "2021-02-03T11:49:25.452Z", "updated_at": "2021-02-04T11:53:47.621Z"}}, {"model": "wiki_app.deity", "pk": 10, "fields": {"name": "Iobates", "contributor": 7, "alt_name": "Amphianax", "culture": "Greek", "location": "Lycia", "religion": "Hellenism", "description": "King of Lycia. He is the father of Philonoe and Stheneboea. When Bellerophon wanted to marry Stheneboea, Iobates sent him to fight the three-headed, fire-breathing Chimaera.", "pop_culture": "", "source": "Dictionary of Ancient Deities by Patricia & Charles Russell Coulter", "created_at": "2021-02-04T13:04:05.271Z", "updated_at": "2021-02-04T13:04:05.271Z"}}, {"model": "wiki_app.deity", "pk": 11, "fields": {"name": "Discordia", "contributor": 6, "alt_name": "Eris", "culture": "Roman", "location": "Rome", "religion": "Religio Romana", "description": "Goddess of Strife. Discordia, the Roman goddess of strife, is identified with the Greek goddess of strife, Eris. Discordia was thought to be the consort of Mars. ", "pop_culture": "Discordia (game), an online game set in Stephen King's The Dark Tower universe", "source": "Dictionary of Ancient Deities by Patricia & Charles Russell Coulter", "created_at": "2021-02-04T19:23:56.469Z", "updated_at": "2021-02-04T19:23:56.470Z"}}, {"model": "wiki_app.deity", "pk": 12, "fields": {"name": "Butterfly Maiden", "contributor": 8, "alt_name": "", "culture": "Hopi", "location": "North America", "religion": "Native American", "description": "A kachina who rules springtime", "pop_culture": "", "source": "Dictionary of Ancient Deities by Patricia Turner & Charles Russell Coulter", "created_at": "2021-02-05T02:41:54.420Z", "updated_at": "2021-02-05T02:41:54.420Z"}}, {"model": "wiki_app.deity", "pk": 13, "fields": {"name": "sdthjfkdrj", "contributor": 4, "alt_name": "dtykftumtdykj", "culture": "dtyjdrjymrsxjymxmk", "location": "dtkdtcuk,jc", "religion": "dtkdtkumtcdk", "description": "dk,dtukdck,t", "pop_culture": "mdrsrjtseheahrrk,duykyflui", "source": "srkstdyku,jfy,yftukdcfj", "created_at": "2021-02-06T11:14:42.688Z", "updated_at": "2021-02-06T11:14:42.688Z"}}, {"model": "contenttypes.contenttype", "pk": 1, "fields": {"app_label": "wiki_app", "model": "user"}}, {"model": "contenttypes.contenttype", "pk": 2, "fields": {"app_label": "wiki_app", "model": "deity"}}, {"model": "contenttypes.contenttype", "pk": 3, "fields": {"app_label": "admin", "model": "logentry"}}, {"model": "contenttypes.contenttype", "pk": 4, "fields": {"app_label": "auth", "model": "permission"}}, {"model": "contenttypes.contenttype", "pk": 5, "fields": {"app_label": "auth", "model": "group"}}, {"model": "contenttypes.contenttype", "pk": 6, "fields": {"app_label": "auth", "model": "user"}}, {"model": "contenttypes.contenttype", "pk": 7, "fields": {"app_label": "contenttypes", "model": "contenttype"}}, {"model": "contenttypes.contenttype", "pk": 8, "fields": {"app_label": "sessions", "model": "session"}}, {"model": "sessions.session", "pk": "6t5e0j8xkibeem0sl9l3r8z96vi4rt0y", "fields": {"session_data": "ODU0MTI4ZmI1YTJmMTZkMzFlYmZlMmIyMWIyMTg3MGI5ZDEyZGY5MDp7InVzZXJfaWQiOjR9", "expire_date": "2021-02-20T11:06:15.204Z"}}, {"model": "sessions.session", "pk": "auht79amyccdwjm7ex5fxdnxi7oatc97", "fields": {"session_data": "ZDllNGE2MGIzM2MxNjg0YTcxMDEyYzMyZGFhNGZjZGRiZGJhZmNhZTp7InVzZXJfaWQiOjF9", "expire_date": "2021-02-12T03:31:09.564Z"}}, {"model": "auth.permission", "pk": 1, "fields": {"name": "Can add user", "content_type": 1, "codename": "add_user"}}, {"model": "auth.permission", "pk": 2, "fields": {"name": "Can change user", "content_type": 1, "codename": "change_user"}}, {"model": "auth.permission", "pk": 3, "fields": {"name": "Can delete user", "content_type": 1, "codename": "delete_user"}}, {"model": "auth.permission", "pk": 4, "fields": {"name": "Can view user", "content_type": 1, "codename": "view_user"}}, {"model": "auth.permission", "pk": 5, "fields": {"name": "Can add deity", "content_type": 2, "codename": "add_deity"}}, {"model": "auth.permission", "pk": 6, "fields": {"name": "Can change deity", "content_type": 2, "codename": "change_deity"}}, {"model": "auth.permission", "pk": 7, "fields": {"name": "Can delete deity", "content_type": 2, "codename": "delete_deity"}}, {"model": "auth.permission", "pk": 8, "fields": {"name": "Can view deity", "content_type": 2, "codename": "view_deity"}}, {"model": "auth.permission", "pk": 9, "fields": {"name": "Can add log entry", "content_type": 3, "codename": "add_logentry"}}, {"model": "auth.permission", "pk": 10, "fields": {"name": "Can change log entry", "content_type": 3, "codename": "change_logentry"}}, {"model": "auth.permission", "pk": 11, "fields": {"name": "Can delete log entry", "content_type": 3, "codename": "delete_logentry"}}, {"model": "auth.permission", "pk": 12, "fields": {"name": "Can view log entry", "content_type": 3, "codename": "view_logentry"}}, {"model": "auth.permission", "pk": 13, "fields": {"name": "Can add permission", "content_type": 4, "codename": "add_permission"}}, {"model": "auth.permission", "pk": 14, "fields": {"name": "Can change permission", "content_type": 4, "codename": "change_permission"}}, {"model": "auth.permission", "pk": 15, "fields": {"name": "Can delete permission", "content_type": 4, "codename": "delete_permission"}}, {"model": "auth.permission", "pk": 16, "fields": {"name": "Can view permission", "content_type": 4, "codename": "view_permission"}}, {"model": "auth.permission", "pk": 17, "fields": {"name": "Can add group", "content_type": 5, "codename": "add_group"}}, {"model": "auth.permission", "pk": 18, "fields": {"name": "Can change group", "content_type": 5, "codename": "change_group"}}, {"model": "auth.permission", "pk": 19, "fields": {"name": "Can delete group", "content_type": 5, "codename": "delete_group"}}, {"model": "auth.permission", "pk": 20, "fields": {"name": "Can view group", "content_type": 5, "codename": "view_group"}}, {"model": "auth.permission", "pk": 21, "fields": {"name": "Can add user", "content_type": 6, "codename": "add_user"}}, {"model": "auth.permission", "pk": 22, "fields": {"name": "Can change user", "content_type": 6, "codename": "change_user"}}, {"model": "auth.permission", "pk": 23, "fields": {"name": "Can delete user", "content_type": 6, "codename": "delete_user"}}, {"model": "auth.permission", "pk": 24, "fields": {"name": "Can view user", "content_type": 6, "codename": "view_user"}}, {"model": "auth.permission", "pk": 25, "fields": {"name": "Can add content type", "content_type": 7, "codename": "add_contenttype"}}, {"model": "auth.permission", "pk": 26, "fields": {"name": "Can change content type", "content_type": 7, "codename": "change_contenttype"}}, {"model": "auth.permission", "pk": 27, "fields": {"name": "Can delete content type", "content_type": 7, "codename": "delete_contenttype"}}, {"model": "auth.permission", "pk": 28, "fields": {"name": "Can view content type", "content_type": 7, "codename": "view_contenttype"}}, {"model": "auth.permission", "pk": 29, "fields": {"name": "Can add session", "content_type": 8, "codename": "add_session"}}, {"model": "auth.permission", "pk": 30, "fields": {"name": "Can change session", "content_type": 8, "codename": "change_session"}}, {"model": "auth.permission", "pk": 31, "fields": {"name": "Can delete session", "content_type": 8, "codename": "delete_session"}}, {"model": "auth.permission", "pk": 32, "fields": {"name": "Can view session", "content_type": 8, "codename": "view_session"}}]